{"i":{"in":0.01276020228154769,"ii":0.385486559254669,"ie":0.01479444969955154,"iu":0.01783995379580312,"ia":0.012668097763830464,"it":0.015833787123528672,"is":0.009393212204319506,"ir":0.00980392156862745,"im":0.02229965156794425,"i\u0142":0.05875806810594258,"i\u0119":0.00206329607486353,"il":0.012418142129517341,"io":0.01810728635030948,"ic":0.004935524810804883,"id":0.003769791404875597,"i\u015b":0.006599378881987578,"i\u0105":0.004174573055028463,"ij":0.04753623188405797,"iw":0.006372549019607843,"iz":0.007352941176470588,"i\u0144":0.004041844983357109,"i\u0107":0.011203117389186557,"i\u017c":0.008556981719175419,"ik":0.006443169233866908,"ip":0.005242255758538522,"ih":0.012841091492776886,"i\u00f3":0.001639344262295082,"ig":0.003944065973467192,"iy":0.03937007874015748,"ib":0.007844846371758554,"if":0.0030557677616501145,"iv":0.0021482277121374865,"ix":0.001524390243902439},"a":{"aa":0.13315789473684211,"a\u0142":0.02298375997797963,"ad":0.01196490815806995,"ar":0.008589018469392862,"aw":0.009869802603947922,"at":0.010484866478116162,"aj":0.008012251420454546,"a\u0144":0.003259370690735866,"ac":0.009345653744281243,"ai":0.014008133755083597,"ag":0.00367117765620501,"ae":0.031415929203539826,"ak":0.011540604356246518,"al":0.007281590842473889,"an":0.010181828685316504,"as":0.011853112739501381,"a\u017c":0.0036855036855036856,"ah":0.01656258484930763,"au":0.01819607843137255,"az":0.010959571358986848,"am":0.004710784979843276,"a\u0107":0.012983640612827837,"a\u017a":0.004469273743016759,"ay":0.009409304756926294,"ab":0.003479313213826488,"af":0.0038046146293568973,"ao":0.013522650439486139,"a\u015b":0.002488181139586962,"ap":0.003215864933672786,"a\u0105":0.1111111111111111,"ax":0.004395604395604396,"av":0.0013869625520110957},"d":{"dd":0.08587319243604004,"da":0.024627068077027393,"do":0.008525628999645634,"dh":0.03615960099750624,"d\u0142":0.005356298902483852,"dn":0.014214970251879297,"dz":0.006554115340726219,"ds":0.033050700813289494,"dr":0.014392876745746174,"dy":0.010280759702725021,"de":0.010468024294390853,"dt":0.04263005780346821,"dk":0.008093385214007782,"dl":0.006497229122874069,"dm":0.0027901785714285715,"dw":0.009238960225493267,"du":0.009945864283016493,"dg":0.01901469317199654,"di":0.009180597423951768,"dp":0.007863695937090432,"dc":0.006526315789473684,"d\u0105":0.0021223912274495934,"d\u017a":0.001146131805157593,"db":0.0018709073900841909,"d\u00f3":0.0008968609865470852,"d\u0119":0.003602676273803397,"d\u015b":0.008928571428571428,"df":0.0078125,"dj":0.0024330900243309003},"m":{"mi":0.00891920766071726,"ma":0.01156890602800893,"mp":0.035062781331438045,"mu":0.018983287719093928,"mm":0.07397572078907436,"me":0.006297598125366139,"mn":0.06661197703035275,"my":0.016176644231904593,"ms":0.007972000777756174,"mb":0.01628052598622417,"m\u0119":0.0015205271160669033,"m\u015b":0.03977272727272727,"mo":0.0038968991816511716,"mf":0.013986013986013986,"m\u0142":0.01154891304347826,"mr":0.011705685618729096,"mk":0.010443864229765013,"m\u0105":0.003926701570680628,"mh":0.030864197530864196,"m\u00f3":0.0015571473061351605,"mj":0.007042253521126761,"mc":0.0016304347826086956,"mw":0.015544041450777202,"mt":0.022151898734177215,"ml":0.0032679738562091504,"mz":0.020833333333333332},"e":{"en":0.01350020760424699,"er":0.012796289934730334,"ez":0.054020361520880945,"ep":0.0070543702684101855,"ej":0.018646743656999365,"eu":0.021328371027769827,"e\u0142":0.0041561257679797615,"ec":0.017160957195235717,"ea":0.05040996052232007,"ee":0.08445378151260505,"eh":0.13075237399561723,"ed":0.010090431209844717,"es":0.011769497047444512,"eg":0.00236070238980694,"el":0.0066119182985891764,"em":0.01671876017451325,"ew":0.00696299540179549,"e\u0144":0.005564182194616977,"ek":0.0074254189871101,"eo":0.032035069971337045,"et":0.0073437154033508005,"e\u017c":0.0012010409021151664,"ei":0.013979348689436061,"e\u0107":0.009983361064891847,"e\u015b":0.006242197253433208,"e\u0119":0.09401709401709402,"eb":0.003920543648719289,"ev":0.00211118930330753,"ey":0.0084985835694051,"e\u017a":0.001672940192388122,"ef":0.00472610096670247,"ex":0.014985014985014986},"l":{"la":0.01488904482062977,"li":0.011700170510634478,"ll":0.12987279441936808,"le":0.011410424475175865,"lo":0.01221801303709771,"ln":0.013684031034188762,"lu":0.019227553920749037,"lg":0.014457831325301205,"lk":0.02904116164646586,"lb":0.008543965824136704,"ld":0.016231474947071278,"lt":0.02674230145867099,"ls":0.0135260575520488,"l\u0119":0.004039859951521681,"lj":0.07900677200902935,"lf":0.018504811250925242,"lm":0.020743534482758622,"lc":0.009732360097323601,"l\u0105":0.0021337126600284497,"lw":0.007001166861143524,"lp":0.0041025641025641026,"lz":0.015444015444015444,"ly":0.00984102952308857,"lh":0.015570934256055362,"lr":0.007326007326007326,"l\u0142":0.3888888888888889,"l\u017c":0.003875968992248062,"lv":0.004357298474945534,"l\u00f3":0.0012224938875305623},"n":{"nn":0.1528196981731533,"ne":0.007649765571700222,"ns":0.03146701388888889,"nk":0.026757090012330457,"ni":0.009915941007701212,"na":0.01718498347917047,"no":0.004593396109746834,"nu":0.04786392405063291,"nc":0.012278978388998035,"ny":0.007667350249456705,"nt":0.016270668742106965,"nd":0.01854210898796886,"n\u0105":0.001250246759228795,"nm":0.009478672985781991,"ng":0.013850726181797791,"nh":0.01580135440180587,"nf":0.007578053955744165,"n\u00f3":0.0013972985561248254,"nj":0.009790209790209791,"nr":0.003462204270051933,"nz":0.01970802919708029,"n\u017c":0.006578947368421052,"nw":0.004069175991861648,"n\u0119":0.0027256208358570565,"nb":0.002242152466367713,"nl":0.0035460992907801418,"nv":0.009345794392523364,"n\u0144":0.5,"np":0.00036258158085569254},"r":{"rb":0.008491367110104727,"rt":0.03251203625035401,"rn":0.010250311473553065,"ra":0.014914023364352727,"rz":0.008636275869332443,"rr":0.13532401524777637,"rs":0.027321190581963573,"rw":0.07526020816653323,"rd":0.012778752192432975,"ru":0.014577381952613006,"ry":0.02200529450694904,"rk":0.012119328775637041,"ri":0.020633431931318086,"re":0.016728856831693773,"ro":0.006095991907504193,"rc":0.013716575479694845,"rp":0.01192457016084304,"rh":0.07559055118110236,"rg":0.007053374039372565,"rf":0.007845934379457917,"rm":0.004878048780487805,"r\u0105":0.0019204389574759945,"rj":0.016853932584269662,"rl":0.010015710919088767,"r\u00f3":0.0011741265210275386,"r\u0142":0.007802340702210663,"r\u0119":0.0019604886140853566,"r\u015b":0.005063291139240506,"rv":0.011928429423459244,"r\u017c":0.007194244604316547,"rx":0.025,"r\u0107":0.0020920502092050207},"z":{"zn":0.01891745112237509,"zi":0.009664157189385444,"zy":0.04534471467606079,"zt":0.02168555938886151,"ze":0.02798000093453577,"za":0.028237076230505004,"zw":0.010721725278764858,"zs":0.061891117478510026,"z\u0105":0.003966609436978272,"zk":0.009843346737890883,"zr":0.008605851979345954,"zo":0.008003255561584374,"zd":0.01843567846007862,"z\u0119":0.0013229355243002368,"z\u0142":0.009669211195928753,"zu":0.02193882101132614,"zb":0.00913140311804009,"zm":0.005503284218001065,"zz":0.08490566037735849,"zc":0.005133064834557372,"zj":0.005379142807565504,"zl":0.010532475131655939,"zp":0.0024967304720009513,"zg":0.009898948236749845,"zh":0.05,"zf":0.014705882352941176,"z\u00f3":0.00034340659340659343,"z\u017c":0.09090909090909091,"z\u017a":1},"c":{"ch":0.007442146664338397,"cz":0.005781199075008148,"cj":0.006623495668115556,"ce":0.00607894595897381,"ck":0.008593196314670447,"cy":0.007662023016353725,"ci":0.0036360388864790385,"ca":0.005398539218799619,"co":0.002459079382156305,"cu":0.0101763907734057,"cn":0.01724534375718556,"ct":0.013684570646595963,"cc":0.07851596203623813,"c\u0105":0.006240898689411275,"c\u00f3":0.0004347826086956522,"cl":0.011535688536409516,"cr":0.005826656955571741,"c\u0119":0.0019831432821021317,"cd":0.008264462809917356,"cs":0.06341463414634146,"c\u0142":0.00830367734282325,"cm":0.0015910898965791568,"cg":0.018518518518518517,"cv":0.041666666666666664},"k":{"ki":0.009465469206942499,"ka":0.011021707670043415,"ku":0.0164643504953258,