{"o":{"\u00f3":0.06548695852382988,"a":0.0020360178963721573,"e":0.0010874274272534637,"i":0.0009726152242827871,"u":0.003089105952225314,"y":0.0005496460568681168,"p":0.0003153876842457113,"c":3.259577405376385e-5,"n":5.0171698702225395e-5,"r":1.198336708648396e-5,"d":4.6516209530897705e-5,"\u0105":0.0004621181600587719,"l":9.75359968788481e-5,"z":3.914573788013916e-5,"k":1.4556797504549e-5,"f":1.5785568832972898e-5,"t":2.795259240328403e-5,"h":2.7847913263032824e-5,"\u0119":3.484401495969709e-5,"\u0142":2.0207633433529514e-5,"w":1.0001100121013312e-5,"s":3.0298235632744985e-5,"b":1.7187938650517643e-5,"g":2.453662582136355e-5,"\u017c":1.2342326775443706e-5,"m":6.832467887400929e-6,"j":2.23254152527237e-5,"\u0144":6.122761365375784e-5,"\u017a":5.563901407667056e-5},"j":{"\u0142":0.006097653388567531,"g":0.0005103618170843618,"i":0.0016452456035093038,"y":0.0008794336909889868,"\u0144":0.010010714832389408,"k":0.00031401091759812843,"f":0.00014207011949675608,"h":0.00034345759691073815,"d":4.377996191143314e-5,"l":0.0002926079906365443,"e":8.689488573943204e-6,"t":7.986454972366865e-5,"n":7.525754805333809e-5,"w":2.4002640290431947e-5,"s":2.5248529693954154e-5,"p":1.3478106164346635e-5,"\u017c":0.00025918886228431783,"u":2.988252432624246e-5,"\u00f3":1.6445745485642865e-5,"m":1.3664935774801858e-5,"z":3.403977206968622e-6,"\u0105":1.1849183591250563e-5,"x":0.00031938677738741617,"r":1.9472971515536434e-5,"o":1.1161810534963255e-6,"\u017a":5.563901407667056e-5,"c":5.752195421252445e-6,"a":1.1793679231223658e-5},"e":{"a":0.0038458115820362965,"\u0119":0.20583521103858393,"r":0.0003595010125945188,"k":0.0006467377177021055,"c":0.00024926180158760594,"o":0.0011083677861218513,"y":0.0024097640282691644,"s":7.742882439479274e-5,"l":7.619999756160008e-5,"n":0.0005644316104000356,"i":0.0005677913849334947,"u":0.0005304148067908036,"\u0105":0.000651705097518781,"g":9.81465032854542e-6,"w":0.00019202112232345557,"\u00f3":0.0005262638555405717,"\u0107":0.0006485084306095979,"z":2.893380625923329e-5,"j":3.125558135381318e-5,"p":4.0434318493039904e-5,"m":1.708116971850232e-5,"d":3.009872381411028e-5,"f":9.471341299783737e-5,"b":1.1458625767011762e-5,"t":1.796952368782545e-5,"\u0142":1.0103816716764757e-5,"\u015b":4.2932735137223754e-5,"h":9.282637754344274e-6},"s":{"\u015b":0.10009767197243719,"r":0.0005167827056046208,"z":0.001739432352760966,"g":0.0001570344052567267,"d":0.0008810717334675919,"h":8.354373978909847e-5,"c":0.0010929171300379644,"a":0.00026053309574430443,"l":2.1335999317248023e-5,"t":0.00010382391464076925,"w":3.6003960435647924e-5,"f":0.00031571137665945795,"e":3.599930980633613e-5,"u":0.00019050109257979567,"\u017a":0.0005563901407667056,"k":2.079542500649857e-5,"\u017c":8.639628742810595e-5,"j":1.3395249151634221e-5,"p":3.773869726017058e-5,"y":2.0250117884614828e-5,"o":1.0045629481466929e-5,"\u0142":1.0103816716764757e-5,"x":0.0063877355477483235,"n":6.271462337778174e-5,"v":7.350238882763689e-5,"m":4.7827275211806504e-5,"b":5.7293128835058814e-5,"i":4.15203937794146e-6},"y":{"u":0.0039743757353902474,"j":0.005380425075906412,"a":0.00027875969091983193,"s":1.178264719051194e-5,"o":0.00024332746966219897,"e":0.0008801210569893902,"i":0.0019358883599652058,"z":0.00022296050705644476,"w":1.6001760193621297e-5,"\u0105":0.0005450624451975259,"t":0.0003014886752068492,"v":0.001470047776552738,"h":4.641318877172137e-5,"\u0119":9.29173732258589e-5,"r":1.0485446200673466e-5,"\u00f3":1.6445745485642865e-5,"k":6.238627501949571e-6,"g":3.925860131418168e-5,"c":7.66959389500326e-6,"n":1.114926637827231e-5,"l":3.047999902464003e-6,"\u0142":1.0103816716764757e-5,"f":1.5785568832972898e-5,"m":3.4162339437004645e-6},"n":{"\u0144":0.08069799479565284,"m":0.002780814430172178,"\u0142":0.0003384778600116194,"d":0.0005226232953177331,"i":0.00016296754558420233,"b":0.0017417111165857879,"r":0.00022768397464319523,"w":0.00020802288251707687,"s":0.00011277676596632856,"k":0.00021003379256563556,"z":0.00028082811957491134,"p":0.00020217159246519953,"t":0.00014774941698878703,"o":3.460161265838609e-5,"c":0.00012271350232005216,"l":0.00034137598907596836,"u":0.0001008535196010683,"h":0.00017637011733254122,"j":0.0001786033220217896,"g":7.360987746409065e-5,"\u0119":0.00030198146298404145,"f":0.00014207011949675608,"\u0105":8.294428513875394e-5,"y":2.314299186813123e-5,"a":2.5731663777215255e-5,"e":3.599930980633613e-5,"v":0.0011025358324145535,"\u017c":1.2342326775443706e-5,"\u015b":4.2932735137223754e-5,"\u0107":0.0006485084306095979,"\u00f3":1.6445745485642865e-5,"x":0.0006387735547748323},"u":{"\u00f3":0.010870637766009933,"n":3.6235115729385006e-5,"o":0.001087160346105421,"a":0.0005221383441459929,"y":0.0033817696867306764,"s":4.544735344911748e-5,"w":0.00025602816309794075,"i":0.0005158908927092265,"e":0.00013903181718309126,"h":5.569582652606565e-5,"r":1.198336708648396e-5,"z":5.446363531149795e-5,"l":1.2191999609856012e-5,"v":0.001396545387725101,"\u0142":9.59862588092652e-5,"j":3.125558135381318e-5,"c":3.83479694750163e-6,"k":8.318170002599428e-6,"\u0119":0.00010453204487909127,"d":8.208742858393714e-6,"x":0.00031938677738741617,"\u0105":3.554755077375169e-5,"f":3.1571137665945795e-5,"m":2.049740366220279e-5,"g":4.90732516427271e-6},"z":{"\u017c":0.13282812075732517,"\u017a":0.04317587492349636,"s":0.001967702080815494,"h":0.003527402346650824,"c":0.0004793496184377037,"y":0.00032689476013735366,"w":0.00011001210133114643,"a":0.00024016219525400904,"i":0.00031140295334560955,"t":8.38577772098521e-5,"k":4.159085001299714e-5,"n":0.00030381750880792045,"\u00f3":0.00010689734565667862,"d":8.755992382286628e-5,"x":0.0038326413286489938,"g":2.944395098563626e-5,"p":2.9651833561562596e-5,"e":2.4827110211266296e-5,"r":5.5423072774988314e-5,"o":4.0182517925867717e-5,"u":5.22944175709243e-5,"l":3.0479999024640033e-5,"j":5.8046079657081623e-5,"\u015b":5.366591892152969e-5,"\u0105":3.554755077375169e-5,"f":3.1571137665945795e-5,"b":3.437587730103529e-5,"m":1.3664935774801858e-5},"l":{"\u0142":0.06548283614135239,"k":0.0005282037951650637,"n":0.00020208045310618562,"i":0.00017957570309596815,"r":0.0006006662752100086,"j":0.0004911591355599214,"f":0.00025256910132756636,"z":3.06357948627176e-5,"d":0.0001231311428759057,"s":5.554676532669914e-5,"a":9.64937391645572e-6,"t":0.0001437561895026036,"w":3.0003300363039935e-5,"e":1.7378977147886407e-5,"p":7.278177328747184e-5,"c":1.150439084250489e-5,"h":0.00010210901529778702,"m":4.441104126810604e-5,"u":2.614720878546215e-5,"\u017c":1.2342326775443706e-5,"b":5.156381595155293e-5,"o":1.0045629481466929e-5,"\u0144":6.122761365375784e-5,"g":9.81465032854542e-6,"\u017a":5.563901407667056e-5,"v":0.00014700477765527378,"\u015b":1.0733183784305939e-5,"x":0.00031938677738741617,"y":2.892873983516404e-6},"a":{"\u0105":0.15723866625589497,"y":0.001232364316977988,"e":0.006015608804189823,"o":0.00218101777853182,"u":0.0016061856825355322,"s":0.00025921823819126264,"i":0.0003010228549007559,"\u00f3":0.0003782521461697859,"\u0119":0.0025552277637111197,"b":8.593969325258822e-5,"\u017c":3.702698032633112e-5,"z":0.00011743721364041746,"d":3.2834971433574855e-5,"w":2.2002420266229285e-5,"l":3.0479999024640033e-5,"m":1.708116971850232e-5,"n":3.484145743210097e-5,"r":2.8460496830399404e-5,"f":3.1571137665945795e-5,"c":1.7256586263757334e-5,"k":1.2477255003899142e-5,"\u0142":1.0103816716764757e-5,"p":2.4260591095823944e-5,"j":2.6790498303268442e-5,"g":4.90732516427271e-6,"\u015b":2.1466367568611877e-5,"v":7.350238882763689e-5},"\u00f3":{"a":0.00019191532567173044,"o":0.0006909160721142255,"y":2.314299186813123e-5,"u":2.614720878546215e-5,"t":9.983068715458581e-6,"\u0142":1.0103816716764757e-5,"i":8.30407875588292e-6,"e":3.7240665316899442e-6,"k":2.079542500649857e-6,"s":1.683235312930277e-6,"z":8.509943017421556e-6},"g":{"d":0.0005226232953177331,"b":0.0004182398404959293,"k":0.0004471016376397193,"h":0.0017080053467993465,"j":0.0013127344168601537,"m":0.0002767149494397376,"e":2.4827110211266293e-6,"f":0.0008839918546464822,